{
  "lang": {
    "prefix": "lang",
    "body": ["(lang $1 $2)"],
    "description": "Snippet for a lang stanza"
  },
  "name": {
    "prefix": "name",
    "body": ["(name $1)"],
    "description": "Snippet for a name stanza"
  },
  "using": {
    "prefix": "using",
    "body": ["(using $1 $2)"],
    "description": "Snippet for an using stanza"
  },
  "info": {
    "prefix": "info",
    "body": [
      "(license $1)\n(authors \"$2\")\n(maintainers \"$3\")\n(source (${4|uri,github|} $5))\n(bug_reports \"$6\")\n(homepage \"$7\")\n(documentation \"$8\")"
    ],
    "description": "Snippet to add info related stanzas"
  },
  "package": {
    "prefix": "package",
    "body": [
      "(package\n (name $1)\n (synopsis \"$2\")\n (description \"$3\")\n (depends $4))"
    ],
    "description": "Snippet for a package stanza"
  }
}
