{
  "Path-elixir": {
    "prefix": "lv:elixir",
    "body": "{{ elixir('${1:file}') }}",
    "description": "(deprecated) elixir path"
  },
  "Path-mix": {
    "prefix": "lv:mix",
    "body": "{{ mix('${1:file}') }}",
    "description": "mix path"
  },
  "String-trans": {
    "prefix": "lv:trans",
    "body": "{{ trans('$1') }}",
    "description": "trans"
  },
  "URL-action": {
    "prefix": "lv:action",
    "body": "{{ action('${1:ControllerName}', [${2:'id'=>1}]) }}",
    "description": "URL-action"
  },
  "URL-secure-asset": {
    "prefix": "lv:secure-asset",
    "body": "{{ secure_asset('$1', ${2:\\$title}, ${3:\\$attributes=[]}) }}",
    "description": "URL-secure-asset"
  },
  "URL-url": {
    "prefix": "lv:url",
    "body": "{{ url('${1:url}', [$2]) }}",
    "description": "URL-url"
  },
  "URL-asset": {
    "prefix": "lv:asset",
    "body": "{{ asset('$1') }}",
    "description": "URL-asset"
  },
  "URL-route": {
    "prefix": "lv:route",
    "body": "{{ route('${1:routeName}', [${2:'id'=>1}]) }}",
    "description": "URL-route"
  },
  "Form-csrf-field": {
    "prefix": "lv:csrf-field",
    "body": "{{ csrf_field() }}",
    "description": "CSRF hidden field"
  },
  "csrf-token": {
    "prefix": "lv:csrf-token",
    "body": "{{ csrf_token() }}",
    "description": "CSRF token"
  },
  "Paginate-links": {
    "prefix": "lv:pagination-links",
    "body": "{{ \\$${1:collection}->links() }}",
    "description": "pagination links"
  }
}
